-0.8017811027767271,0.5269466060338812
-1.5427268568554942,-0.5617863072015443
-1.129085177678582,0.34567615165221727
-0.5590031737751135,-0.5253615126368232
-0.13532142305778844,-0.23359761603324097
-0.06598733741867602,0.020647130900020197
-1.699376187666727,-0.11220001205698124
-1.8056612733433834,0.07409447527710938
-0.7677677646856031,0.661064937764726
-0.5781273857787389,0.6982878938636597
-0.22735287698825776,0.3800500180281421
-1.2770566459196406,-0.014050297920604124
-1.858714778919866,-0.4315370977699876
-1.5109987009572203,0.1996665471596841
-1.1840986223507262,0.23138806701471903
-0.47628682975538084,-0.05369672849924173
-1.2398166996484175,-0.16053911554621017
-1.6841706890917385,0.45340778381150304
-1.401525895967078,0.8640420028403087
-0.3397842561137183,-0.5961375652139798
-0.8534676677001563,-0.2692589851701342
-1.3699283386148404,0.2842688677618773
-0.6640046972051453,0.8463142832490907
-1.972117137892146,0.02376568707774701
-1.2234868279034257,-0.5158454551726471
-1.4183340238604802,-0.03889834748058821
-0.11043973340678397,0.2911448683165108
-1.5658000905240947,-0.3371228909107588
-0.7893165771341717,0.1834482441581779
-0.6989954312110209,-0.8084406902541253
0.05075699608729236,0.02313145377276072
-0.6100268132844101,-0.24785840561733943
-1.4249721628362244,0.5126755484168118
-0.8665681993347323,0.9234488963677663
-1.2129765322660713,-0.592862542529141
-1.650632270944996,0.7306507176583125
-1.8264789183754202,0.26979494750527444
-0.4651294486990413,-0.46267448822273355
-0.5191996192459097,-0.300859268373528
-0.37922782766643603,-0.26407141988871086
-1.898595515630374,-0.21451132088760605
-0.6427951021468544,0.13222714476926842
-1.1176235718530532,-0.49312424659856946
-0.3526581263209766,0.08921147185938141
-0.8862760145322072,-0.9338139545494555
-1.3296511934490758,0.6504803648610415
-1.7871726757019248,0.6559918059026214
-0.7081259116708514,0.6149504062360708
-1.929355191339144,0.01133158211337816
-0.3180817135250639,0.19401046033223612
-0.8928420197985922,0.08937180454732208
-1.2291372791626383,0.16453926214870507
-1.6824151079693506,-0.3560178950388521
-0.4450421225354265,0.57438020354371
-1.6819783832903852,-0.5495334434071151
-0.8842055064997846,-0.6158185375792338
-1.2004508780446046,0.5915062011882176
-1.0640773415252303,0.6953185530026104
-0.7052542291002035,0.22371206470022173
-0.6306200183512364,-0.7139582926210731
-1.1567467983423465,0.8543505215911423
-0.9249146110580087,0.5327523590751033
-1.837234667345087,0.48815666820825476
-0.3699758701331603,-0.714877473658991
-1.5858569790489834,-0.12201425286654104
-0.9725337339885508,-0.234933461755605
-0.24202228980296983,-0.3136971374749773
-0.54682244184484,0.49954200057907044
-0.27783175801657467,-0.04309272447401276
-0.9088348115572031,-0.47027156186103497
-1.02470844473094,-0.7522994998045728
-0.26766034797450633,0.6456657836279336
-0.9612935101646899,-0.9013403154032444
-1.1382012078543775,-0.11539493541050469
-1.6483667577730587,0.09034291456506242
-1.0617734724645977,-0.401597483761869
-1.3318228907465393,-0.7736670894969767
-0.4867353431805161,-0.1177252754351564
-1.1972314328437481,0.3522637545473835
-0.8220033168075324,0.3970056264769679
-1.0844428742164223,1.0112106771541804
-0.4090061214053643,0.2508585404563252
-1.2885549317512988,-0.8639064502746631
-1.3993522860808625,-0.6843286450791749
-1.2592594847461134,-0.29429009063054284
-0.9838572822535887,0.2529954330340301
-1.4883560837250498,-0.44612344524790876
-0.6052958391003539,-0.6437613994097474
-1.5934492744942448,-0.6655154968629413
-1.3707591093951579,-0.2259953404340033
-0.2560605958025273,0.4511196877679579
-0.7317880921052085,-0.37608235911952326
-0.9751928535340948,0.194630466353428
-1.0189536861825574,-0.35210888395992257
-0.8322145329423328,0.7333195120477317
-0.7351691898590669,-0.9859783317553487
-1.4611695620539573,0.28015328179677235
-0.7265941177484782,-0.15860523539790594
-1.2174135327343125,0.8083595399469378
-0.5893034303553945,0.38219702056687294
-0.9111054046075487,0.3642547432987612
-1.536317378380973,-0.49129411659501315
-1.1793644481749106,0.41543820696802425
-0.6267419162907837,-0.46529177849195263
-0.16526321411479156,-0.15380473830207106
-0.06783230816883676,-0.13086098491848155
-1.7090708849188154,0.1336283900318531
-1.8811991799316237,0.1555820799965799
-0.9505886271890012,0.7347263358323571
-0.9106533917102153,0.8832225093887924
-0.40886811971315573,0.6376541890159944
-1.40797388079721,0.13065895081451773
-1.7993806120976275,-0.22987445753340985
-1.632707059886619,0.2440317281959545
-1.0906808441260114,0.25703836239732425
-0.5532503167115954,-0.002993090857753779
-1.1396657384574047,-0.23007362499898434
-1.7379737965359432,0.5076406060821395
-1.402566687836759,0.6410014342367865
-0.14300512333337326,-0.42896799055735807
-0.8822424625824654,0.034527670802474444
-1.2610554643680487,0.3045399556496965
-0.4088464153545465,0.7876902215767773
-1.9054770100022973,-0.01497172671183567
-1.1631004830332146,-0.5252839520345073
-1.446809997169608,-0.3303172374120246
-0.22149013271236156,-0.0017731624587416328
-1.4747698966910765,-0.23992792010090291
-0.8417983400243122,-0.10560047888025528
-0.6287550153738267,-0.7666834364874188
-0.12898683723946183,0.23099458150097643
-0.8422323157297721,-0.35531998832647355
-1.4998888944546116,0.4032948096349104
-0.7908366406144243,0.8813559839966234
-1.1077071694305722,-0.6888851865690729
-1.465878923055284,0.794880728194401
-1.7475245739443783,0.398439854814888
-0.4213201445780006,-0.4910438998512077
-0.556159812200799,-0.2964361973494798
-0.3730485818911002,-0.49886272493007594
-1.9368790041837731,-0.13367188249686565
-0.6482972930428644,0.19978661220860783
-1.342266280328598,-0.605226181826011
-0.34755752808591617,0.25640944364708573
-0.8570579287373563,-0.8577705891365548
-1.4257074371021585,0.5441426841242388
-1.541244622357572,0.6330967961859348
-0.7031684076534204,0.6738270493335872
-1.7800242303890765,-0.09192625576209314
-0.2456510715265953,0.12446597946414525
-0.9865776199326289,0.09312859726136197
-1.2521265005248974,0.04015252047171739
-1.9012886773646844,-0.32836541386499984
-0.47653139145550866,0.618877462381868
-1.6794187210410647,-0.5564173190094426
-1.0801162098760877,-0.7573900087917819
-1.202236279246864,0.5461663029139
-1.1741517716770367,0.942934402591307
-0.7154107972133538,0.2148689300898224
-0.5508863616199348,-0.8394594654458989
-0.8317930924307884,0.9883088287352612
-0.8777733384139268,0.5752945301199256
-1.7758735825004026,0.6490719322449611
-0.5148503511142021,-0.5167225484882491
-1.6665539686824533,-0.09259716616789464
-0.7190414144327626,-0.015593208452706018
-0.2661861833620541,-0.6010933753654434
-0.281948341775017,0.5577582793720808
-0.47422236271119844,-0.11425508606150718
-1.1125427058624062,-0.5595340313220591
-0.864918078550324,-0.4885481150060643
-0.22754515027372804,0.36765112247462967
-0.8631833460884313,-0.9012528396725531
-1.251323668985174,-0.31398655636488043
-1.530048252581586,0.10119082822440857
-1.0589042686341406,-0.2339262866548209
-1.3312627672567845,-0.8254352436966423
-0.2803528081620992,-0.16164130103342383
-1.0442121496346644,0.5387679187594668
-0.727051097349778,0.3976189281789742
-1.005203682682057,0.7909733382323045
-0.5597064531217587,0.1594959507836868
-1.1237476172263743,-0.8448967146231743
-1.564092218020442,-0.7368287597997268
-1.6305430470371187,-0.3777544119990769
-1.0695032001629756,0.06211041520767201
-1.474465214673143,-0.5511207282232318
-0.78541069616845,-0.6336082133746973
-1.6218724197366412,-0.7647209924792464
-1.2485126291377597,-0.10228862321202707
-0.1614221241461027,0.4927350506526244
-0.6723474330224911,-0.4146742862289463
-1.0263431313137816,0.35252284517554394
-0.9984097152694816,-0.1935604715622223
-0.8033772176868061,0.7704422906037984
-0.7357260432440549,-0.868402453155799
-1.4275500462925759,0.4156855425993919
-0.6991462763931178,-0.13229523437014726
-1.3553637227443864,0.9205944340808545
-0.5299853026086704,0.3498610679095738
-1.0824977784350711,0.26980648675739693
-1.6033747266337304,-0.5536473833095534
-1.3470021612100351,0.48051225014526855
-0.4445478155796329,-0.7747820761821623
-0.19259550795009367,0.11940814150875717
-0.06206685073390937,-0.2908408790222456
-1.8522878728227414,0.19736575072488688
-1.8282240854493543,0.04919055150699869
-1.132978167074489,0.6323395004367628
-0.5716411942589856,0.6426201835879327
-0.3650377837702649,0.504505425708652
-1.5200065603419968,-0.08620187363109398
-1.817839423638011,-0.3509903436974037
-1.6629378594970092,0.2838842112644141
-1.3015575675154307,0.2046990523179754
-0.5119275731998063,0.009936268601235164
-1.0318454948010682,-0.28046952177810835
-2.016249636623077,0.15408351518431337
-1.4208328043662042,0.6502596352019236
-0.23939736508048326,-0.2962159642153166
-0.7925861034783949,-0.06907403957571084
-1.1976116222215045,-0.0011160944205250713
-0.38340024123379934,0.6581996414841694
-1.6619134214243134,0.08885181092074423
-1.1601994525615318,-0.6080163625936051
-1.4767772199505453,-0.4765400088137619
-0.17928492517461267,-0.05840063840232191
-1.2720526452722063,-0.23527707870154824
-0.8385778191879375,0.14056030740200207
-0.7495750390050071,-0.5235799689868135
-0.06728370537301225,0.04167605868948366
-0.5627969467266017,-0.60240856264305
-1.7246559038652765,0.5566156950620784
-0.9077821196727237,0.946427506845577
-0.8182841652038005,-0.6126203463916637
-1.111044324317986,0.7375374444347038
-1.790216076092322,0.383113235693438
-0.39358394352130227,-0.34677537934346037
-0.2920224862051252,-0.01610398511603281
-0.1168369214332402,-0.4366747755293545
-1.910834544755573,-0.08916187087176551
-0.7417685479467137,0.26269973523808393
-1.378203903554788,-0.6743281405770033
-0.09410189859583819,0.2600206832567637
-0.724817025951757,-0.8178345368395339
-1.4056411013011672,0.4595215907297663
-1.5951381730155787,0.5047322568431396
-0.8267143896184844,0.5261256605948411
-1.7699208298330287,-0.14826990771658427
-0.30733524516400523,0.16572193332395607
-1.0578020008470945,0.08294982854711742
-1.3932227655219669,0.076906482609859
-1.74854514633407,-0.4354619014359728
-0.6761949713200875,0.5430919019331768
-1.6032875180395876,-0.35129684226763164
-1.0068471871666524,-0.8778409536378545
-1.0667703293797501,0.9247102656451823
-1.1783953835312702,0.9778695706372459
-0.6131016075828604,0.3171229888223516
-0.5609754253237669,-0.867551047141936
-0.7828641469774779,0.841148236679745
-1.018643681706029,0.5829257925340674
-1.5827460172217973,0.6889832211268289
-0.5588194813591664,-0.41250548098325623
-1.4948900525998048,-0.0013759766240422808
-0.6249608688123574,-0.025627785205031055
-0.26078638267736,-0.5214988480675188
-0.26628370232593285,0.6680082069904039
-0.5808050621606596,-0.1350663602479666
-0.9053140982455661,-0.5517955323044768
-1.3042039563469232,-0.5671653856520991
-0.3324521372553781,0.39663863252848996
-0.7966483723548753,-1.0134763139899639
-1.3411418277634861,-0.3108686088129607
-1.3027794038349993,0.33561056437970166
-1.0846512427868795,-0.3526375638179725
-1.1368757402157519,-0.7489694000526902
-0.2790883569369698,-0.20406654035393723
-1.0197248513408688,0.3198947806177984
-0.9103584014687381,0.2993635229380404
-0.9731680045401059,0.7492459599755406
-0.3943113017179097,0.31952767598706605
-1.1124625509554975,-0.9256413945920139
-1.4508318956376804,-0.873280015481197
-1.5945514953444997,-0.2337698032548043
-0.9370297318342162,-0.10607803413621396
-1.4700392024610953,-0.7456302855449725
-1.059053546043217,-0.4956905980636198
-1.6390033217427789,-0.7582315564698926
-1.3036325193044642,-0.08781246064102333
-0.1345770100501966,0.4352480962351347
-0.8373820135323939,-0.2970155016160218
-1.1400319233892602,0.4399025742955639
-0.9235623105499018,-0.20747171989921448
-0.5751797773704507,0.775117327471389
-0.8026164639487939,-0.7669799216895402
-1.4215619822360375,0.20475774070704778
-0.7296825727610698,-0.25437236898635845
-1.3226782978810823,0.911283202568202
-0.5779997842510674,0.4574981224320492
-1.0862941598722127,0.33904722455204334
-1.7957292443314279,-0.4573551706778842
-1.4568984655218782,0.5120022641594346
-0.5691801537800145,-0.6882745487906373
-0.19805992113551923,0.14431315660402766
-0.07999867441222001,-0.32681961997041137
-1.8218256184818953,0.24652253445937766
-1.5779318354179768,0.17319167379205122
-0.9372243995952217,0.3439351010311742
-0.6650589366992216,0.6323820967054595
-0.47256616792071476,0.30775933805531724
-1.6109466757418518,-0.12001288572851349
-1.764299706136267,-0.2292431336556048
-1.5448887910514355,0.27060087938752886
-1.2748440213528753,0.07378425906228953
-0.2758214798580399,-0.13463743702620273
-1.1388924759764067,-0.060052237970408005
-1.9917930449437793,0.19810663041374602
-1.4047053092126667,0.7175391149377779
-0.390761056194799,-0.29751043276654865
-0.710164509592888,-0.22293457493370447
-1.2000845726541773,-0.22521161086598965
-0.5501649307685974,0.8099138845790484
-1.2920480335491817,0.1850734911914409
-1.1048493370635932,-0.5302839160713436
-1.2518566574458097,-0.44502609162204476
-0.35977520974638194,0.025223441737698454
-1.2145112357742986,-0.47039021554073734
-0.7552749598842813,0.17976402295162058
-0.8386868739458873,-0.6406967719605217
-0.040519020445498224,-0.017635669560274035
-0.3466966335050145,-0.7364818411692656
-1.7247079695495493,0.6688362800190866
-0.8374915298751063,0.9115058826915993
-0.7030578078687915,-0.357845947571157
-1.1562741029158183,0.8744502487463296
-1.839693169118661,0.081644380841363
-0.4119082295441702,-0.5455263466885865
-0.5423541181259088,0.043185994707661275
-0.2115638167914614,-0.14866948855326576
-1.9236043730158148,-0.1613059809740648
-0.7024588771541961,0.3706311354650773
-1.5667295458148194,-0.5393801922256068
-0.05645581009499911,0.3094271916224505
-0.6791309684925431,-0.6511857514184248
-1.6210734879665323,0.44746471030883134
-1.730995945399392,0.3591053225027795
-0.7281575513774929,0.45588600828378156
-1.6154973590002732,0.06386692225232296
-0.16751053386382914,0.02958882188454964
-0.9600454064663407,-0.001184527012350263
-1.1376742858487756,0.04753831638059314
-1.5919551947663375,-0.36590232197279227
-0.5348076080765506,0.43079387227239047
-1.829687301285416,-0.31730194068661854
-0.9406260842516917,-0.8011514945575462
-1.0032032116953808,0.9452674766745318
-1.0499616477799547,0.7598072143391561
-0.8817024597087555,0.3177046669318847
-0.5340215583794827,-0.8831388870339586
-0.7449414680034927,0.7944104564864904
-1.247908205818619,0.570168391900087
-1.5051008996564426,0.6918439893075579
-0.6325401148212593,-0.1865579354721482
-1.7482955384445764,0.023780026833808168
-0.8106957192319939,0.03883052216629347
-0.17260778948204553,-0.4824595095889812
-0.3761762095050517,0.6531529650017006
-0.8491678099625317,-0.22745302809758197
-0.9128013823994828,-0.44961791461533296
-1.2798246393821777,-0.6026374066594686
-0.36052527210423946,0.3733544458773754
-0.699557907528063,-0.9191620472460041
-1.4305697218930076,-0.13282724731932055
-1.220329702471084,0.07193162902937138
-0.7844583877949537,-0.45745801445572176
-1.1365775668312814,-0.8314309650808224
-0.2776104351221846,0.11990370428537758
-0.9574298410086691,0.6578937015915813
-0.8757834671599517,0.10384553015291859
-0.9239899418704762,0.8622466820347824
-0.5594366542218383,0.23896325280681147
-1.2333090344188682,-0.9527101545049582
-1.329637075210635,-0.7501308265044313
-1.5518117933365212,-0.3191514401997417
-1.0928854877792091,0.22769496561521388
-1.5125709745360296,-0.81047823239748
-1.1655871027415288,-0.676710450739426
-1.799707940116271,-0.6529189770180306
-1.3367619571675609,-0.16630019658613737
-0.0995354505189888,0.48752678302155844
-1.0661283273218618,-0.10316724863152489
-1.1456842403276524,0.5191966236652906
-1.019213963388381,-0.3184054188876597
-0.6957811155544914,0.7575856998410195
-0.7215716210511413,-0.7931509255201878
-1.3818533570816176,0.36830834340387986
-0.5204164161398619,-0.5034109237317782
-1.2830078902755542,0.8864202742269529
-0.4252757093382709,0.5834281520856051
-1.0391039282630352,0.16051387852907537
-1.7305424710630297,-0.22208942087537248
-1.390266645707648,0.3285593354979116
-0.3581853821494589,-0.4352098522261938
0.015782970946919342,0.13184368964306473
-0.14597557245223283,-0.3752756585624534
-1.8186877852563366,0.23822527757645887
-1.5972772600519904,0.3608005312411202
-1.0410090356663935,0.3020701350678431
-0.6348977531412969,0.6211646443550274
-0.6066608614838244,0.45856236111807536
-1.698912278035781,-0.14526791157972718
-1.6200730528979597,-0.3399421117184101
-1.4166641165468168,0.4782436678440063
-1.187530887340472,0.17493568322959055
-0.28694308083444064,0.022032448539759622
-0.9091436310922262,-0.16981348520583087
-1.9632772278654513,0.1319421438570876
-1.371996107554484,0.7852621524352175
-0.261752651374817,-0.20245670856167816
-0.6055724428884344,-0.10195760033490346
-1.0803515216924415,-0.14332369166939635
-0.5123922259434365,0.7942881416438899
-1.348994683425595,0.11835087042847367
-0.7423672927807599,-0.3758392399903449
-1.2826557533372396,-0.4809127014903449
-0.3995861200047522,0.33359350130521
-1.1406445203506608,-0.641768230672626
-0.7924593003098219,0.13264401653661512
-1.0083723257664223,-0.6425267418864845
-0.06431787649321136,-0.04020528129761057
-0.38145808681900073,-0.6811848913252176
-1.53615985489775,0.7696612889570253
-0.8845947850841862,1.0616062334313268
-0.5678525554260437,-0.3220374236754073
-1.06292108455766,0.7843290160261008
-1.8105584150611065,-0.017952504325546615
-0.5515114011432801,-0.456779164323612
-0.45803159345042005,0.12025994078947641
-0.3908942226003489,-0.3032434750094939
-1.9192756287093071,-0.1280746916478223
-0.8807180034302297,0.4844384096030322
-1.568522957092869,-0.6199496643035807
-0.10949770624655243,0.4558133352220224
-0.7431736738881648,-0.583120251465006
-1.7405951868681713,0.4284985626036812
-1.6440957748883867,0.18262223255115081
-0.6302203772803752,0.36350907442017094
-1.5719222414247023,0.2819185343277255
-0.16046951533122264,-0.22027845791441367
-0.8232251372290411,0.030830717082480495
-1.1800547903375416,-0.14541153238814983
-1.6709039370396208,-0.4258220918046492
-0.4433428406766421,0.44966811380378374
-1.8362501346545819,-0.5242272061466595
-0.8639810286240198,-0.7821980364582962
-1.2009232370779848,0.8052002133983234
-1.0751991087550072,0.7105708913402324
-0.8884755903339752,0.6813490203205302
-0.5821187991686819,-0.9292309925320527
-0.8561740614257008,0.9145621322769086
-1.2872730487526882,0.8995369515876764
-1.7972993971851041,0.5781479263767916
-0.6861552404043147,-0.1491687994174417
-1.5779745049454998,0.0025804899265905678
-0.7612398077623479,-0.008423802816474545
-0.2951705883180782,-0.617172361483802
-0.3031864860150751,0.657726775812934
-0.8417762608984565,-0.39720872260254997
-1.0124739437971992,-0.2976670012094905
-1.2667333032595318,-0.3124432599202039
-0.3116793783753883,0.335982315718424
-0.785136402822742,-0.7775756195506973
-1.4831852371885306,-0.11510650960081449
-1.2822077566430903,-0.019943575465258385
-0.7529427789484812,-0.503510257411271
-1.225756669053874,-0.7826436759433527
-0.36833217250259453,-0.07833694842082004
-0.9632330349812349,0.5316579840051667
-0.786717349885405,0.27296601412928617
-0.9301656224733744,0.9347915441328742
-0.6209525861349228,0.10601887674967655
-1.1932425380272205,-0.8816136529617379
-1.3078731753164101,-0.8095661433424609
-1.401973063913935,-0.2948078173251876
-0.9425589392754351,0.29752582679909606
-1.4107277822061175,-0.9368751576502506
-0.9616337435147664,-0.8469263476978617
-1.682166267913369,-0.6123989187023512
-1.5260761885745924,-0.4471136344925349
-0.12354953682435675,0.24953042153674382
-1.1421335398466494,-0.03969101776253877
-1.202062774214762,0.6137495767140934
-1.077103875412028,-0.5165661807867074
-0.7241159043282851,0.772701283546076
-0.9680143269517912,-1.0390817335434908
-1.2212714157301237,0.4000175405106242
-0.6038490269663982,-0.6311581671115035
-1.4628010999496932,0.71230864490872
-0.2287896318435735,0.4232199042055121
