-0.346607331,0.09487736301
-0.315695641,-0.1965196214
0.1945190257,0.1600449761
-0.04420760274,-0.284225122
0.3468345997,0.1650357582
0.3618878041,0.1002361161
-0.3641151372,-0.1164705005
-0.3102144713,0.1360975778
0.3300937674,-0.1787354682
0.07880719192,0.2852996374
0.3970600326,0.1202665667
-0.2551395551,5.09E-05
-0.1739042248,0.07057226443
-0.2208622049,-0.2269982215
-0.07731918963,0.3287380471
0.1826589897,-0.2517095104
0.0418501668,-0.2769321591
0.07634458975,0.3930770596
-0.1039741907,0.4088382913
0.3412105359,-0.03716976519
-0.218391667,-0.09791964572
-0.1268528063,0.3585302922
0.3067134692,0.05298069421
-0.3921674554,-0.113467212
-0.2536302472,-0.2109175733
-0.09048480429,0.2233336857
0.1532484814,0.1169477385
-0.188050717,-0.3448344728
-0.1375785358,0.227983924
0.423917146,-0.06610759092
0.1528646205,-0.2997032948
0.1594357457,0.4001105268
-0.1798944063,0.3579195344
-0.2174099134,0.2975629488
0.2200696068,0.003798708014
0.06979247865,0.2287726461
-0.2667636057,0.1576177342
0.1960572437,-0.3417495983
0.2661329878,-0.07503633403
0.1990494353,-0.178516158
-0.2933273089,0.2110126013
0.1833956103,0.2547393927
-0.1836272934,-0.2125381128
0.3544864196,-0.006629462598
-0.3275190947,-0.08191809519
-0.1049065706,-0.2079963539
0.3253137576,-0.07090578665
0.1246473507,0.3288077397
-0.4129302013,0.06433863637
0.2960047664,-0.1209732871
0.03047774045,-0.1627039203
0.07399252756,-0.3565173004
-0.2672789564,-0.1203251962
0.1990083144,0.3064961555
-0.2731723567,-0.2521326656
-0.03313597418,-0.2943083185
-0.2475333164,0.04649273404
-0.3778796989,-0.02695774959
0.02947858193,0.3765203744
-0.1540718637,-0.3458627894
0.303972757,0.1651178116
0.2904009253,0.2749178039
-0.3573086532,0.202177984
0.1080409252,0.03343198899
-0.2687306408,0.2635137691
-0.3308379132,0.009422314803
0.3313174535,-0.2114323523
-0.05088294874,0.382269159
0.3633910392,0.0482194161
0.2573919473,-0.1204804981
-0.05227384118,-0.3395563546
0.08806603402,0.3501937742
0.145986985,-0.3668037808
-0.08990117915,0.2647089695
-0.145873402,0.2901913928
-0.1244372399,-0.1137534522
0.2350478636,-0.3181430682
-0.06860333267,-0.3885484667
-0.3119642953,0.1879108527
0.1738314662,-0.123551876
-0.2731069603,0.3281652154
0.4051284669,-0.1351646341
-0.1766236446,-0.3082941657
-0.2159024441,-0.3001258535
-0.3654020353,-0.1573312706
0.2968990806,0.252847489
-0.3878267714,0.003895801601
0.3062236771,-0.2671391297
-0.3249280453,-0.2304738228
-0.1830012373,0.2503728088
0.2173907687,0.2824378646
0.06261434715,-0.3434575387
0.2085610486,0.1183153462
-0.01369809912,0.3291228252
0.3601822581,0.1803329193
-0.02328991389,-0.4059554534
0.06478089571,-0.4096979211
0.1563055195,-0.242545934
0.2793114696,-0.2285856488
0.01235368488,0.235988025
-0.4066030543,0.0175460357
-0.2769974759,-0.1731854628
0.2705480302,0.1442670436
-0.100897004,-0.2570834119
0.3390941301,0.2173845927
0.3664330615,0.04520541107
-0.3953637593,-0.03455134794
-0.3488079309,0.12294376
0.2912800144,-0.1745732816
-0.03271490254,0.3399030804
0.2684211734,0.2250697894
-0.3035694782,0.1234434443
-0.1608929062,0.1334376433
-0.1899025291,-0.248887163
-0.05649863677,0.3754167718
0.1253797958,-0.2307595173
0.01500099607,-0.2804235758
0.1074326789,0.3842235886
-0.099229735,0.2566810589
0.4139148729,-0.06630115744
-0.2039468303,0.01588205971
-0.1195371729,0.3928381457
0.4114961756,0.006415244346
-0.3348886908,-0.1236288408
-0.2192565868,-0.2342717263
-0.04387037455,0.05563185236
0.08713370373,0.08341731054
-0.1836582329,-0.3552745849
-0.1517713452,0.1723363093
0.3511789992,-0.08182280666
0.05495678398,-0.236314646
0.08930023373,0.3145788731
-0.2293596607,0.3066416895
-0.2277955683,0.3498511723
0.2687641558,-0.01335918546
0.1014156576,0.2744772694
-0.2474549799,0.1587813899
0.163217599,-0.3786327529
0.2658669491,0.006195057538
0.2305068282,-0.2513576797
-0.3167475828,0.2078921669
0.1468582574,0.2824752027
-0.3252269682,-0.2488821247
0.378940034,0.09229825373
-0.3408066945,-0.06179716604
-0.1589774837,-0.2932456843
0.3823045276,-0.03934186903
0.1843254525,0.3452613983
-0.3458635567,0.03711233371
0.3431800742,-0.1837864997
-0.02318340751,-0.1801219061
0.07979731967,-0.3898461999
-0.3447566906,-0.1566485985
0.1700338106,0.3714422705
-0.2712736386,-0.2949678458
-0.1267821204,-0.3622111808
-0.2619693508,-0.0647152689
-0.3904288264,0.1248180988
0.0110422584,0.4026375185
-0.1408066584,-0.4092673887
0.3889567826,0.1524595165
0.2757911771,0.3041885271
-0.2854821967,0.2754898577
0.1698580438,0.1059346305
-0.3465909169,0.2217641919
-0.3003612202,0.04684743734
0.3014895492,-0.2920642347
0.05931584749,0.370761256
0.318595098,0.05390853046
0.1493977369,-0.1379746282
-0.01418212716,-0.2947605817
0.1701391665,0.2525299755
0.2024783303,-0.3027698725
-0.2095257246,0.2650826826
-0.1047006044,0.3409547681
-0.1865805844,-0.05289221494
0.2270461385,-0.3430767341
0.004960069381,-0.3509835383
-0.2170576385,0.1906484124
0.2175527915,-0.1252893736
-0.2283826997,0.2235195128
0.2839841268,-0.1205990181
-0.1085075952,-0.2022689801
-0.2688897504,-0.2831154914
-0.3684111579,-0.1342307233
0.2544464367,0.2088522584
-0.4240831268,0.01515604144
0.2457010167,-0.2783084799
-0.2872909028,-0.2492034309
-0.1240395609,0.2983490186
0.2489244917,0.3131771131
0.08784981303,-0.3612465106
0.1295650781,0.1881963143
0.04008100083,0.3884654169
0.3349220172,0.1713316121
-0.01183700538,-0.3811543499
0.08352504906,-0.2357088522
0.1583584433,-0.267182
0.3091610754,-0.1810751729
4.40E-04,0.2264796766
-0.3931680565,0.03119750399
-0.3070380039,-0.1827400476
0.2194149126,0.1251278742
-0.02864814457,-0.3981550463
0.3037306388,0.2578029417
0.3253154852,0.01748327109
-0.4346454972,-0.0665074899
-0.353211822,0.1081190514
0.2177763493,-0.2291339519
0.06595723232,0.3081818609
0.3087227758,0.1712640486
-0.3706643853,0.07393449012
-0.1498110606,0.1446246802
-0.2961042616,-0.2484969281
-0.1517860145,0.3694001395
0.06082383267,-0.1982875026
0.05740476848,-0.3219142328
-0.07072316028,0.2283468337
-0.05513188489,0.3109175309
0.3664760597,-0.01934574502
-0.1286490042,-0.09187009413
-0.1100490572,0.306904357
0.4156793173,-0.04421932249
-0.2360550894,-0.1711788193
-0.1736878418,-0.2627790536
-0.08762923721,0.0806588636
0.1383858258,5.82E-05
-0.1096077472,-0.3439062598
-0.1676992435,0.2692018615
0.2575696842,-0.0266318953
0.1469341206,-0.2287637942
0.1337286317,0.2203059981
-0.2285106217,0.3343618836
-0.1981207218,0.3198149393
0.4149378123,0.0447157851
0.2478826425,0.3005306415
-0.2613082843,0.1623523309
0.1270542134,-0.2922082946
0.3901088674,0.02678177673
0.3668984519,-0.1846639452
-0.3206387206,0.1840152141
0.1214783266,0.3428829849
-0.3453818467,-0.2349754297
0.3873993912,0.09860243291
-0.3003594873,-0.1136677523
-0.07409823387,-0.3361518755
0.3238583018,-0.09322290289
0.2132740694,0.2468418955
-0.3594267087,0.007201012207
0.3762410932,-0.1398545818
-0.1102213175,-0.1950991041
0.09322198445,-0.4079266221
-0.3633739296,-0.1645241102
0.08242185109,0.3865938037
-0.2558083522,-0.1502847408
-0.08362591311,-0.408527164
-0.2026722754,0.0562958368
-0.3460828276,0.1748853751
0.01058907104,0.4252921309
-0.1651018497,-0.3829806623
0.3129556348,0.1077702675
0.179607424,0.2739588139
-0.263415019,0.2630061224
0.08537909265,0.1665778921
-0.2736575474,0.2222434463
-0.2661194576,0.003278138479
0.3115607855,-0.2377102659
0.1297388371,0.3948542113
0.2338993466,0.1046093108
0.1892164799,-0.1567923698
-0.2162654346,-0.3440027538
0.1813083779,0.3269624102
0.2931327316,-0.3058014324
-0.2265960756,0.2950942891
0.008629327885,0.3797222762
-0.1935986129,-0.1140992839
0.2422487057,-0.3001459148
0.1006976511,-0.379864601
-0.3011427936,0.06136784168
0.233489992,-0.1306268571
-0.2593012962,0.2349208474
0.382917617,-0.0888529178
-0.0328154014,-0.2686598935
-0.2164231835,-0.3227838658
-0.3490185036,-0.04441149332
0.3465549034,0.1333599644
-0.3771473963,-0.07814104432
0.1867639029,-0.2604379182
-0.2754557631,-0.2708508952
-0.1620322248,0.3466698942
0.266780831,0.2669940344
0.09494430125,-0.296439955
0.1423419073,0.1516579024
-0.05188306609,0.3757048355
0.3874307851,0.1570316971
-0.00107634274,-0.3296985386
0.06950151946,-0.3977308836
0.1916009375,-0.3532697687
0.313457861,-0.1441306061
0.005119681009,0.2702300363
-0.3606157837,-0.02841723244
-0.400115615,-0.08950489306
0.1826578785,0.1134953589
-0.04388129821,-0.3522802804
0.2893849725,0.2034014508
0.2962930998,-0.01886014574
-0.3947294473,-0.06756113307
-0.3108898566,0.194372455
0.2822267168,-0.3282852094
0.0762387353,0.2822463326
0.2184231176,0.09528623007
-0.3704461238,0.08822614061
-0.1583094418,0.1670751768
-0.2499666268,-0.2881045114
-0.06857251242,0.3403603687
0.2390056014,-0.2161934415
0.01857420353,-0.3080549699
-0.1365893555,0.2437014385
-0.03815378894,0.2974630676
0.3380638627,0.001964303277
-0.1085404568,-0.2627637336
-0.1043587507,0.1771190885
0.3789827313,0.01906487878
-0.08964966765,-0.2215741033
-0.1910182889,-0.1974327919
-0.00260852208,0.1296374417
0.0539662684,0.01774538508
-0.01813201271,-0.4186302089
-0.2829400304,0.2681619384
0.227228611,-0.1110380489
0.1885045266,-0.258614421
0.2147862558,0.2219455777
-0.2570127631,0.3136953617
-0.1632245055,0.3347900722
0.3931981611,0.1208580626
0.2762223108,0.3561133624
-0.3266341659,0.02784935991
0.02583590264,-0.3844692013
0.3604177684,0.06840215535
0.3481683054,-0.05482413522
-0.3589044181,0.1365734584
0.0862188387,0.3962345733
-0.3764684375,-0.1547480753
0.3629525779,0.1595477039
-0.2518092774,-0.1297841249
-0.1721256698,-0.3067241528
0.2799053543,-0.2209801672
0.2389910936,0.2664907578
-0.2943276775,0.1206360787
0.3809721018,-0.1502001024
-0.1002719019,-0.2874199218
0.1651920087,-0.3835748964
-0.2861324117,-0.1705638292
0.0936463124,0.3533710095
-0.3422499244,-0.1550636781
-0.06861970409,-0.3665304295
-0.1482398062,0.04722373509
-0.2569032397,0.06374372234
-0.06444368527,0.4058255443
-0.1756858752,-0.3782940426
0.3520802652,0.08293209241
0.1136109228,0.2481088693
-0.2111530296,0.2702763666
-0.02584439473,0.3061379628
-0.3352932586,0.143315848
-0.3309334931,-0.01160183532
0.3755738883,-0.1734521765
0.1212925807,0.3713452448
0.118252261,0.05589788036
0.1956911136,-0.06264504743
-0.2061523658,-0.3192975831
0.154460328,0.337006467
0.3350450375,-0.2324083508
-0.2145034569,0.355535061
0.06602034558,0.3303589274
-0.05401438201,-0.1170588146
0.2845977927,-0.24253192
0.1392914001,-0.2172502011
-0.2214044001,0.2219050493
0.2237896421,-0.1726194006
-0.2969248928,0.2442132569
0.3596290626,-0.08723668668
-0.1760517578,-0.3261850313
-0.1999793566,-0.2481621912
-0.3384394689,-0.068626122
0.2745716624,0.2719727295
-0.3209882556,-0.1517594553
0.1476657055,-0.3038822148
-0.348648419,-0.2421090559
-0.08097128026,0.3811241863
0.3436497792,0.2457561567
0.02053202027,-0.1713975802
0.2272263976,0.2287427287
-0.1358368175,0.3053735394
0.3042719435,0.1802255376
0.1062304848,-0.328122535
0.06949914909,-0.3831274404
0.2153448796,-0.3322038654
0.3084097847,-0.1397962144
0.027047199,0.4055911845
-0.3675884663,-0.09893959836
-0.3509022495,0.01600721078
0.3183185002,-0.00793830005
0.003226879074,-0.2670726164
0.3853327222,0.1954011184
0.26349008,-0.0418539394
-0.3686236084,-0.01857072019
-0.2716913398,0.2224227932
0.2070072751,-0.2721132285
0.05405333179,0.255536751
0.194847581,0.1377469615
-0.3846067774,0.06008475327
-0.1245193873,0.09387534955
-0.2276372148,-0.159070652
0.01936372184,0.4118331176
0.251105724,-0.1633507016
0.1499323366,-0.285544145
-0.1934899305,0.2341578477
-0.05733182958,0.3879394713
0.4033588063,0.06802133486
0.005007953237,-0.2311217201
-0.03158096137,0.3136227027
0.3803247019,0.03092773265
-0.1085714635,-0.2687202406
-0.131578255,-0.1348046999
-0.003254672933,0.1779200961
0.0292246766,0.2030835433
-0.02976898002,-0.3824874441
-0.2746980167,0.2573700003
0.1959366502,-0.1889899466
0.2515479819,-0.3024101564
0.1935139167,0.2743740198
-0.1654695789,0.3503721061
-0.1583391327,0.4049812219
0.3517919894,0.1101946684
0.2594294327,0.2652859425
-0.3043198532,-0.02301552154
-0.0167603102,-0.3562025785
0.371696037,-0.006910108722
0.3923666534,-0.05017399021
-0.3772475556,0.08657056047
-0.007056990968,0.3898182059
-0.3760042281,-0.165602056
0.3343402859,0.1637654294
-0.2126049517,-0.09515872921
-0.15434171,-0.3511926829
0.3780965367,-0.2014343479
0.3086199128,0.1949926406
-0.3590780189,0.1644766508
0.3082130529,-0.2618758464
-0.06565328262,-0.2871274131
0.1224481701,-0.3814617154
-0.3372100169,-0.1958877761
0.1489629246,0.3401200266
-0.3138745269,-0.267064839
-0.1063757958,-0.3370769593
-0.2308876053,-0.004736077997
-0.3056223118,0.09854266401
-0.0893004245,0.4063425962
-0.04698133748,-0.4087140415
0.2838816026,0.13677461
0.08896804899,0.394651869
-0.3109311919,0.2711985062
-0.09784271352,0.3481376846
-0.2960655766,0.1342905966
-0.4254446136,-0.06416221263
0.3260568163,-0.180211506
0.185430192,0.3347360835
0.1293641644,0.03226318304
0.2061267455,0.06957910836
-0.1995567362,-0.204972338
0.2529754768,0.3705668169
0.2702123011,-0.2232418304
-0.2228078528,0.2882582581
0.09734144114,0.2754290776
-0.06477508129,-0.09900039174
0.2204099317,-0.2867161124
0.06403794854,-0.2875254072
-0.2281735805,0.1432633028
0.1500267973,-0.1513925697
-0.3144786225,0.205152457
0.360860375,-0.1229176899
-0.2270706208,-0.3034001609
-0.1775046803,-0.2862180197
-0.3105661103,-0.1031608793
0.3062045986,0.2677889624
-0.2810242761,-0.2993043329
0.2240119258,-0.3620605794
-0.280310777,-0.2301354197
-0.1570777667,0.308458267
0.348349066,0.07593715067
0.03753938527,-0.1572193906
0.2376567668,0.2517307691
-0.206854001,0.186115476
0.2569125386,0.1901392918
-0.01316156336,-0.4337540169
0.1253490067,-0.3280411917
0.1426342095,-0.3770416934
0.3147121287,-0.1229649199
0.07873052149,0.2960911283