-1.4142135623730951,0
-1.4113823039899658,0.028470487472919727
-1.4085510456068364,0.04024317243713898
-1.4057197872237073,0.049262894886301416
-1.402888528840578,0.056855327905713904
-1.4000572704574485,0.06353423820167901
-1.3972260120743192,0.06956325287379139
-1.3943947536911898,0.07509905785569036
-1.3915634953080607,0.08024379381083305
-1.3887322369249313,0.08506844311148912
-1.385900978541802,0.0896247130850847
-1.3830697201586726,0.09395165773773656
-1.3802384617755432,0.09807963296050703
-1.377407203392414,0.10203279093301632
-1.3745759450092847,0.10583072362696698
-1.3717446866261553,0.10948958541865178
-1.368913428243026,0.1130228834387221
-1.3660821698598966,0.11644204850642069
-1.3632509114767675,0.1197568568135209
-1.360419653093638,0.122975747451482
-1.3575883947105087,0.12610606560574775
-1.3547571363273794,0.1291542516442473
-1.35192587794425,0.13212599012656026
-1.3490946195611209,0.1350263286547335
-1.3462633611779915,0.1378597737084401
-1.3434321027948621,0.1406303686897765
-1.3406008444117328,0.1433417580561106
-1.3377695860286036,0.1459972404579091
-1.3349383276454743,0.1485998131019904
-1.332107069262345,0.15115220904929696
-1.3292758108792155,0.1536569287761935
-1.3264445524960862,0.15611626704253456
-1.323613294112957,0.15853233589262988
-1.3207820357298277,0.16090708444865084
-1.3179507773466983,0.16324231602703643
-1.315119518963569,0.16553970300773874
-1.3122882605804396,0.16780079980686566
-1.3094570021973104,0.17002705424040943
-1.306625743814181,0.17221981751654614
-1.3037944854310517,0.1743803530536273
-1.3009632270479223,0.17650984428834815
-1.298131968664793,0.17860940161200933
-1.2953007102816638,0.18068006855106364
-1.2924694518985345,0.18272282729026512
-1.289638193515405,0.18473860362196368
-1.2868069351322757,0.18672827139282333
-1.2839756767491464,0.18869265650900324
-1.2811444183660172,0.1906325405522661
-1.2783131599828879,0.1925486640522652
-1.2754819015997585,0.19444172945416507
-1.2726506432166291,0.19631240381559
-1.2698193848334998,0.19816132126249505
-1.2669881264503706,0.19998908522980482
-1.2641568680672413,0.2017962705094535
-1.261325609684112,0.20358342512569344
-1.2584943513009825,0.20535107205516867
-1.2556630929178532,0.20709971080718403
-1.252831834534724,0.20882981887782529
-1.2500005761515947,0.21054185309003381
-1.2471693177684653,0.21223625083038794
-1.244338059385336,0.2139134311921701
-1.2415068010022066,0.21557379603325902
-1.2386755426190774,0.2172177309564873
-1.235844284235948,0.21884560621930393
-1.2330130258528187,0.2204577775788786
-1.2301817674696893,0.22205458707816847
-1.22735050908656,0.22363636377791396
-1.2245192507034308,0.22520342443904556
-1.2216879923203015,0.22675607415955212
-1.218856733937172,0.22829460696947193
-1.2160254755540427,0.22981930638732892
-1.2131942171709134,0.23133044594102653
-1.2103629587877842,0.23282828965593788
-1.2075317004046549,0.2343130925126857
-1.2047004420215255,0.23578510087688206
-1.2018691836383961,0.23724455290290317
-1.1990379252552668,0.23869167891359208
-1.1962066668721376,0.24012670175762238
-1.1933754084890082,0.2415498371461113
-1.1905441501058789,0.24296129396993596
-1.1877128917227495,0.24436127459909085
-1.1848816333396202,0.2457499751653149
-1.182050374956491,0.2471275858291166
-1.1792191165733616,0.24849429103224047
-1.1763878581902323,0.24985026973653288
-1.173556599807103,0.25119569565009386
-1.1707253414239736,0.25253073744153376
-1.1678940830408444,0.25385555894309075
-1.165062824657715,0.2551703193433107
-1.1622315662745857,0.256475173369937
-1.1594003078914563,0.25777027146361403
-1.156569049508327,0.25905575994296137
-1.1537377911251978,0.2603317811615383
-1.1509065327420684,0.2615984736571812
-1.148075274358939,0.26285597229416086
-1.1452440159758097,0.26410440839858085
-1.1424127575926804,0.2653439098874026
-1.1395814992095512,0.2665746013914633
-1.1367502408264218,0.2677966043728245
-1.1339189824432925,0.26901003723676653
-1.1310877240601631,0.27021501543872783
-1.1282564656770337,0.27141165158646235
-1.1254252072939046,0.27260005553767674
-1.1225939489107752,0.2737803344933884
-1.1197626905276459,0.27495259308723163
-1.1169314321445165,0.27611693347092614
-1.1141001737613871,0.27727345539610687
-1.111268915378258,0.2784222562927033
-1.1084376569951286,0.2795634313440451
-1.1056063986119993,0.2806970735588589
-1.10277514022887,0.2818232738403133
-1.0999438818457405,0.2829421210522585
-1.0971126234626114,0.2840537020827989
-1.094281365079482,0.2851581019053291
-1.0914501066963527,0.286255403637155
-1.0886188483132233,0.28734568859581827
-1.085787589930094,0.2884290363532308
-1.0829563315469648,0.28950552478772423
-1.0801250731638354,0.29057523013411146
-1.077293814780706,0.291638227031852
-1.074462556397577,0.2926945885714085
-1.0716312980144473,0.29374438633887834
-1.0688000396313182,0.29478769045897446
-1.0659687812481888,0.29582456963643516
-1.0631375228650595,0.2968550911959267
-1.0603062644819303,0.29787932112050963
-1.0574750060988007,0.2988973240887303
-1.0546437477156716,0.2999091635103955
-1.0518124893325422,0.3009149015610904
-1.0489812309494129,0.3019145992154905
-1.0461499725662837,0.30290831627952003
-1.0433187141831541,0.3038961114214053
-1.040487455800025,0.3048780422016687
-1.0376561974168956,0.30585416510210844
-1.0348249390337663,0.3068245355538031
-1.0319936806506371,0.3077892079641847
-1.0291624222675075,0.3087482357432141
-1.0263311638843784,0.309701671328697
-1.023499905501249,0.31064956621077594
-1.0206686471181197,0.3115919709556268
-1.0178373887349905,0.31252893522839603
-1.0150061303518612,0.3134605078154053
-1.0121748719687318,0.3143867366456519
-1.0093436135856024,0.31530766881163413
-1.006512355202473,0.3162233505895251
-1.003681096819344,0.31713382745872165
-1.0008498384362146,0.3180391441207901
-0.9980185800530852,0.31893934451783323
-0.9951873216699558,0.31983447185029856
-0.9923560632868265,0.3207245685942499
-0.9895248049036972,0.3216096765181202
-0.986693546520568,0.3224898366989664
-0.9838622881374386,0.3233650895382434
-0.9810310297543092,0.32423547477711345
-0.9781997713711799,0.3251010315113105
-0.9753685129880506,0.3259617982055719
-0.9725372546049214,0.3268178127076549
-0.969705996221792,0.32766911226195183
-0.9668747378386626,0.32851573352271773
-0.9640434794555333,0.3293577125669246
-0.961212221072404,0.33019508490675403
-0.9583809626892748,0.33102788550174134
-0.9555497043061454,0.3318561487705832
-0.952718445923016,0.3326799086026188
-0.9498871875398867,0.33349919836899783
-0.9470559291567574,0.3343140509335427
-0.9442246707736281,0.33512449866331856
-0.9413934123904988,0.33593057343891713
-0.9385621540073694,0.3367323066644672
-0.93573089562424,0.33752972927737757
-0.9328996372411108,0.3383228717578235
-0.9300683788579815,0.3391117641379838
-0.9272371204748522,0.3398964360110361
-0.9244058620917228,0.3406769165399193
-0.9215746037085935,0.34145323446586917
-0.9187433453254642,0.3422254181167355
-0.915912086942335,0.34299349541508656
-0.9130808285592056,0.3437574938861079
-0.9102495701760762,0.3445174406653021
-0.907418311792947,0.3452733625059951
-0.9045870534098176,0.3460252857866555
-0.9017557950266883,0.34677323651803177
-0.898924536643559,0.34751724035011416
-0.8960932782604296,0.34825732257892456
-0.8932620198773004,0.34899350815314195
-0.890430761494171,0.3497258216805662
-0.8875995031110417,0.3504542874344257
-0.8847682447279124,0.3511789293595345
-0.881936986344783,0.3518997710783011
-0.8791057279616538,0.35261683589659537
-0.8762744695785244,0.3533301468094764
-0.8734432111953951,0.3540397265067859
-0.8706119528122658,0.35474559737861056
-0.8677806944291364,0.3554477815206177
-0.8649494360460072,0.3561463007392666
-0.8621181776628778,0.3568411765569012
-0.8592869192797485,0.35753243021672426
-0.8564556608966192,0.35822008268766004
-0.8536244025134898,0.3589041546691055
-0.8507931441303606,0.3595846665955742
-0.8479618857472312,0.3602616386412371
-0.8451306273641019,0.3609350907243604
-0.8422993689809726,0.3616050425116459
-0.8394681105978432,0.3622715134224744
-0.836636852214714,0.36293452263305676
-0.8338055938315846,0.36359408908049307
-0.8309743354484553,0.36425023146674346
-0.828143077065326,0.36490296826251334
-0.8253118186821966,0.36555231771105395
-0.8224805602990674,0.366198297831882
-0.819649301915938,0.36684092642441923
-0.8168180435328087,0.36748022107155437
-0.8139867851496794,0.36811619914313026
-0.8111555267665501,0.36874887779935683
-0.8083242683834208,0.3693782739941524
-0.8054930100002914,0.370004404478416
-0.8026617516171621,0.37062728580323007
-0.7998304932340328,0.3712469343229991
-0.7969992348509035,0.3718633661985206
-0.7941679764677742,0.3724765973999963
-0.7913367180846448,0.3730866437099788
-0.7885054597015155,0.3736935207262609
-0.7856742013183862,0.3742972438647044
-0.7828429429352569,0.3748978283620133
-0.7800116845521275,0.3754952892784504
-0.7771804261689982,0.37608964150049995
-0.7743491677858689,0.37668089974347774
-0.7715179094027396,0.37726907855408887
-0.7686866510196103,0.37785419231293504
-0.765855392636481,0.37843625523697344
-0.7630241342533516,0.37901528138192636
-0.7601928758702223,0.379591284644645
-0.757361617487093,0.38016427876542647
-0.7545303591039637,0.3807342773302869
-0.7516991007208343,0.3813012937731902
-0.748867842337705,0.38186534137823447
-0.7460365839545757,0.3824264332817964
-0.7432053255714464,0.3829845824746356
-0.7403740671883171,0.38353980180395825
-0.7375428088051877,0.38409210397544247
-0.7347115504220585,0.38464150155522564
-0.7318802920389291,0.38518800697185407
-0.7290490336557998,0.3857316325181971
-0.7262177752726705,0.3862723903533253
-0.7233865168895411,0.3868102925043541
-0.7205552585064119,0.38734535086825317
-0.7177240001232825,0.38787757721362326
-0.7148927417401532,0.38840698318244016
-0.7120614833570239,0.38893358029176694
-0.7092302249738945,0.3894573799354356
-0.7063989665907653,0.38997839338569784
-0.7035677082076359,0.39049663179484645
-0.7007364498245066,0.3910121061968077
-0.6979051914413773,0.39152482750870515
-0.6950739330582479,0.39203480653239575
-0.6922426746751187,0.39254205395597863
-0.6894114162919893,0.39304658035527795
-0.68658015790886,0.3935483961952982
-0.6837488995257307,0.39404751183165554
-0.6809176411426013,0.3945439375119836
-0.6780863827594721,0.3950376833773143
-0.6752551243763427,0.39552875946343574
-0.6724238659932134,0.3960171757022257
-0.6695926076100841,0.396502941922963
-0.6667613492269547,0.3969860678536156
-0.6639300908438255,0.39746656312210765
-0.6610988324606961,0.397944437257564
-0.6582675740775668,0.3984196996915339
-0.6554363156944375,0.3988923597591946
-0.6526050573113081,0.399362426700534
-0.6497737989281789,0.39982990966151344
-0.6469425405450495,0.4002948176952114
-0.6441112821619202,0.400757159762948
-0.6412800237787909,0.40121694473539055
-0.6384487653956615,0.4016741813936412
-0.6356175070125323,0.40212887843030626
-0.6327862486294029,0.4025810444505482
-0.6299549902462737,0.40303068797312
-0.6271237318631443,0.40347781743138306
-0.6242924734800149,0.40392244117430826
-0.6214612150968857,0.4043645674674605
-0.6186299567137563,0.4048042044939681
-0.6157986983306271,0.4052413603554753
-0.6129674399474977,0.40567604307308064
-0.6101361815643683,0.40610826058825944
-0.6073049231812391,0.4065380207637722
-0.6044736647981097,0.4069653313845577
-0.6016424064149805,0.40739020015861255
-0.5988111480318511,0.4078126347178565
-0.5959798896487217,0.4082326426189842
-0.5931486312655925,0.4086502313443032
-0.5903173728824631,0.4090654083025596
-0.5874861144993339,0.4094781808297494
-0.5846548561162045,0.4098885561899187
-0.5818235977330751,0.41029654157594997
-0.5789923393499459,0.41070214411033723
-0.5761610809668165,0.4111053708459489
-0.5733298225836873,0.4115062287667782
-0.5704985642005579,0.41190472478868323
-0.5676673058174285,0.4123008657601141
-0.5648360474342993,0.41269465846283043
-0.5620047890511699,0.41308610961260717
-0.5591735306680407,0.4134752258599292
-0.5563422722849113,0.4138620137906764
-0.553511013901782,0.4142464799267972
-0.5506797555186527,0.41462863072697326
-0.5478484971355233,0.4150084725872727
-0.545017238752394,0.4153860118417944
-0.5421859803692647,0.4157612547633022
-0.5393547219861354,0.4161342075638503
-0.5365234636030061,0.4165048763953979
-0.5336922052198767,0.41687326735041635
-0.5308609468367474,0.4172393864624859
-0.5280296884536181,0.4176032397068843
-0.5251984300704888,0.4179648330011668
-0.5223671716873595,0.41832417220573687
-0.5195359133042301,0.4186812631244091
-0.5167046549211008,0.4190361115049636
-0.5138733965379715,0.4193887230396924
-0.5110421381548422,0.41973910336593767
-0.5082108797717129,0.4200872580666221
-0.5053796213885835,0.42043319267077156
-0.5025483630054542,0.4207769126540302
-0.4997171046223249,0.4211184234391683
-0.4968858462391956,0.4214577303965818
-0.49405458785606626,0.42179483884478586
-0.4912233294729369,0.4221297540509007
-0.48839207108980764,0.42246248123113006
-0.4855608127066783,0.4227930255512333
-0.482729554323549,0.42312139212699074
-0.47989829594041966,0.42344758602466187
-0.4770670375572903,0.42377161226143756
-0.47423577917416104,0.4240934758058851
-0.4714045207910317,0.42441318157838764
-0.4685732624079024,0.42473073445157694
-0.46574200402477306,0.42504613925075996
-0.4629107456416437,0.4253594007543396
-0.46007948725851444,0.42567052369422903
-0.4572482288753851,0.42597951275626095
-0.4544169704922558,0.4262863725805901
-0.45158571210912646,0.4265911077620909
-0.4487544537259972,0.4268937228507488
-0.44592319534286784,0.42719422235204674
-0.4430919369597385,0.4274926107273456
-0.4402606785766092,0.42778889239426005
-0.43742942019347986,0.4280830717270278
-0.4345981618103506,0.4283751530568754
-0.43176690342722124,0.4286651406723774
-0.4289356450440919,0.42895303881981156
-0.4261043866609626,0.42923885170350823
-0.42327312827783325,0.42952258348619554
-0.420441869894704,0.42980423828933945
-0.41761061151157464,0.4300838201934789
-0.41477935312844527,0.4303613332385567
-0.411948094745316,0.43063678142424533
-0.40911683636218665,0.430910168710269
-0.4062855779790573,0.43118149901671987
-0.40345431959592815,0.43145077622437145
-0.4006230612127988,0.43171800417498657
-0.3977918028296694,0.4319831866716211
-0.39496054444654005,0.4322463274789244
-0.3921292860634107,0.43250743032343425
-0.38929802768028154,0.432766498893869
-0.3864667692971522,0.4330235368414144
-0.3836355109140228,0.4332785477800077
-0.38080425253089345,0.4335315352866167
-0.3779729941477641,0.43378250290151577
-0.37514173576463494,0.43403145412855726
-0.3723104773815056,0.4342783924354403
-0.3694792189983762,0.4345233212539744
-0.36664796061524685,0.4347662439803404
-0.3638167022321175,0.4350071639753478
-0.36098544384898834,0.43524608456468755
-0.358154185465859,0.43548300903918313
-0.3553229270827296,0.4357179406550357
-0.35249166869960025,0.4359508826340682
-0.3496604103164709,0.43618183816396466
-0.34682915193334174,0.4364108103985061
-0.3439978935502124,0.4366378024578043
-0.341166635167083,0.4368628174285312
-0.33833537678395365,0.4370858583641455
-0.3355041184008243,0.43730692828511575
-0.33267286001769514,0.4375260301791413
-0.3298416016345658,0.43774316700136884
-0.3270103432514364,0.43795834167460684
-0.32417908486830704,0.43817155708953653
-0.3213478264851777,0.43838281610492014
-0.31851656810204854,0.43859212154780597
-0.31568530971891917,0.4387994762137308
-0.3128540513357898,0.43900488286691924
-0.31002279295266044,0.43920834424048055
-0.3071915345695311,0.43940986303660207
-0.30436027618640193,0.43960944192674056
-0.30152901780327257,0.43980708355181036
-0.2986977594201432,0.44000279052236907
-0.29586650103701384,0.44019656541880064
-0.2930352426538845,0.44038841079149554
-0.29020398427075533,0.44057832916102846
-0.28737272588762597,0.4407663230183337
-0.2845414675044966,0.4409523948248773
-0.28171020912136724,0.4411365470128278
-0.2788789507382379,0.44131878198522334
-0.27604769235510873,0.44149910211613713
-0.27321643397197937,0.44167750975084014
-0.27038517558885,0.44185400720596113
-0.26755391720572064,0.4420285967696452
-0.2647226588225913,0.4422012807017089
-0.26189140043946213,0.44237206123379386
-0.25906014205633277,0.4425409405695176
-0.2562288836732034,0.4427079208846223
-0.25339762529007404,0.44287300432712173
-0.25056636690694467,0.44303619301744457
-0.24773510852381553,0.44319748904857753
-0.24490385014068616,0.4433568944862046
-0.2420725917575568,0.4435144113688449
-0.23924133337442743,0.4436700417079886
-0.23641007499129807,0.4438237874882302
-0.23357881660816893,0.4439756506673997
-0.23074755822503956,0.4441256331766926
-0.2279162998419102,0.44427373692079675
-0.22508504145878083,0.44441996377801746
-0.2222537830756517,0.4445643156004015
-0.21942252469252232,0.44470679421385767
-0.21659126630939296,0.44484740141827644
-0.2137600079262636,0.4449861389876476
-0.21092874954313423,0.4451230086701751
-0.2080974911600051,0.4452580121883912
-0.20526623277687572,0.44539115123926754
-0.20243497439374636,0.4455224274943257
-0.199603716010617,0.4456518425997442
-0.19677245762748763,0.44577939817646534
-0.1939411992443585,0.44590509582029897
-0.19110994086122912,0.4460289371020252
-0.18827868247809976,0.44615092356749475
-0.1854474240949704,0.4462710567377283
-0.18261616571184103,0.44638933810901316
-0.17978490732871188,0.4465057691529987
-0.17695364894558252,0.44662035131679007
-0.17412239056245316,0.44673308602304007
-0.1712911321793238,0.44684397467003933
-0.16845987379619443,0.4469530186318049
-0.16562861541306528,0.44706021925816697
-0.16279735702993592,0.4471655778748539
-0.15996609864680655,0.44726909578357593
-0.1571348402636772,0.4473707742621071
-0.15430358188054782,0.44747061456436515
-0.15147232349741868,0.4475686179204905
-0.14864106511428932,0.4476647855369232
-0.14580980673115995,0.4477591185964778
-0.1429785483480306,0.44785161825841824
-0.14014728996490122,0.44794228565852895
-0.13731603158177208,0.44803112190918637
-0.13448477319864272,0.4481181280994279
-0.13165351481551335,0.44820330529501934
-0.12882225643238399,0.4482866545385209
-0.12599099804925462,0.4483681768493523
-0.12315973966612548,0.4484478732238551
-0.12032848128299611,0.4485257446353549
-0.11749722289986675,0.44860179203422074
-0.11466596451673738,0.4486760163479243
-0.11183470613360802,0.44874841848109653
-0.10900344775047888,0.4488189993155836
-0.10617218936734951,0.4488877597105007
-0.10334093098422015,0.4489547005022852
-0.10050967260109078,0.4490198225047474
-0.09767841421796142,0.4490831265091209
-0.09484715583483228,0.4491446132841106
-0.09201589745170291,0.44920428357593983
-0.08918463906857355,0.4492621381083959
-0.08635338068544418,0.4493181775828743
-0.08352212230231482,0.4493724026784213
-0.08069086391918567,0.44942481405177565
-0.07785960553605631,0.44947541233740795
-0.07502834715292694,0.44952419814755984
-0.07219708876979758,0.4495711720722807
-0.06936583038666821,0.44961633467946405
-0.06653457200353907,0.4496596865148813
-0.06370331362040971,0.44970122810221547
-0.06087205523728034,0.4497409599430923
-0.05804079685415098,0.4497788825171114
-0.055209538471021835,0.4498149962818745
-0.05237828008789247,0.4498493016730136
-0.049547021704763106,0.4498817991042171
-0.04671576332163374,0.4499124889672549
-0.043884504938504376,0.44994137163200193
-0.041053246555375233,0.4499684474464606
-0.03822198817224587,0.4499937167367819
-0.035390729789116504,0.45001717980728456
-0.03255947140598714,0.45003883694047414
-0.029728213022857775,0.4500586883970593
-0.026896954639728632,0.4500767344159682
-0.024065696256599267,0.45009297521436226
-0.021234437873469902,0.45010741098764984
-0.018403179490340538,0.45012004190949717
-0.015571921107211173,0.45013086813183995
-0.01274066272408203,0.45013988978489144
-0.009909404340952666,0.4501471069771508
-0.007078145957823301,0.45015251979540966
-0.004246887574693936,0.45015612830475693
-0.0014156291915645713,0.45015793254858333
0.0014156291915645713,0.45015793254858333
0.004246887574693936,0.45015612830475693
0.007078145957823301,0.45015251979540966
0.009909404340952666,0.4501471069771508
0.01274066272408203,0.45013988978489144
0.015571921107211173,0.45013086813183995
0.018403179490340538,0.45012004190949717
0.021234437873469902,0.45010741098764984
0.024065696256599267,0.45009297521436226
0.026896954639728632,0.4500767344159682
0.029728213022857775,0.4500586883970593
0.03255947140598714,0.45003883694047414
0.035390729789116504,0.45001717980728456
0.03822198817224587,0.4499937167367819
0.041053246555375233,0.4499684474464606
0.043884504938504376,0.44994137163200193
0.04671576332163374,0.4499124889672549
0.049547021704763106,0.4498817991042171
0.05237828008789247,0.4498493016730136
0.055209538471021835,0.4498149962818745
0.05804079685415098,0.4497788825171114
0.06087205523728034,0.4497409599430923
0.06370331362040971,0.44970122810221547
0.06653457200353907,0.4496596865148813
0.06936583038666844,0.44961633467946405
0.07219708876979758,0.4495711720722807
0.07502834715292694,0.44952419814755984
0.07785960553605631,0.44947541233740795
0.08069086391918567,0.44942481405177565
0.08352212230231504,0.4493724026784213
0.08635338068544418,0.4493181775828743
0.08918463906857355,0.4492621381083959
0.09201589745170291,0.44920428357593983
0.09484715583483228,0.4491446132841106
0.09767841421796164,0.4490831265091209
0.10050967260109078,0.4490198225047474
0.10334093098422015,0.4489547005022852
0.10617218936734951,0.4488877597105007
0.10900344775047888,0.4488189993155836
0.11183470613360824,0.44874841848109653
0.11466596451673738,0.4486760163479243
0.11749722289986675,0.44860179203422074
0.12032848128299611,0.4485257446353549
0.12315973966612548,0.4484478732238551
0.12599099804925484,0.4483681768493523
0.12882225643238399,0.4482866545385209
0.13165351481551335,0.44820330529501934
0.13448477319864272,0.4481181280994279
0.13731603158177208,0.44803112190918637
0.14014728996490122,0.44794228565852895
0.1429785483480306,0.44785161825841824
0.14580980673115995,0.4477591185964778
0.14864106511428932,0.4476647855369232
0.15147232349741868,0.4475686179204905
0.15430358188054782,0.44747061456436515
0.1571348402636772,0.4473707742621071
0.15996609864680655,0.44726909578357593
0.16279735702993592,0.4471655778748539
0.16562861541306528,0.44706021925816697
0.16845987379619443,0.4469530186318049
0.1712911321793238,0.44684397467003933
0.17412239056245316,0.44673308602304007
0.17695364894558252,0.44662035131679007
0.17978490732871188,0.4465057691529987
0.18261616571184103,0.44638933810901316
0.1854474240949704,0.4462710567377283
0.18827868247809976,0.44615092356749475
0.19110994086122912,0.4460289371020252
0.1939411992443585,0.44590509582029897
0.19677245762748763,0.44577939817646534
0.199603716010617,0.4456518425997442
0.20243497439374636,0.4455224274943257
0.20526623277687572,0.44539115123926754
0.2080974911600051,0.4452580121883912
0.21092874954313423,0.4451230086701751
0.2137600079262636,0.4449861389876476
0.21659126630939296,0.44484740141827644
0.21942252469252232,0.44470679421385767
0.2222537830756517,0.4445643156004015
0.22508504145878083,0.44441996377801746
0.2279162998419102,0.44427373692079675
0.23074755822503956,0.4441256331766926
0.23357881660816893,0.4439756506673997
0.2364100749912983,0.4438237874882302
0.23924133337442743,0.4436700417079886
0.2420725917575568,0.4435144113688449
0.24490385014068616,0.4433568944862046
0.24773510852381553,0.44319748904857753
0.2505663669069449,0.44303619301744457
0.25339762529007404,0.44287300432712173
0.2562288836732034,0.4427079208846223
0.25906014205633277,0.4425409405695176
0.26189140043946213,0.44237206123379386
0.2647226588225915,0.4422012807017089
0.26755391720572064,0.4420285967696452
0.27038517558885,0.44185400720596113
0.27321643397197937,0.44167750975084014
0.27604769235510873,0.44149910211613713
0.2788789507382381,0.44131878198522334
0.28171020912136724,0.4411365470128278
0.2845414675044966,0.4409523948248773
0.28737272588762597,0.4407663230183337
0.29020398427075533,0.44057832916102846
0.2930352426538847,0.44038841079149554
0.29586650103701384,0.44019656541880064
0.2986977594201432,0.44000279052236907
0.30152901780327257,0.43980708355181036
0.30436027618640193,0.43960944192674056
0.3071915345695311,0.43940986303660207
0.31002279295266044,0.43920834424048055
0.3128540513357898,0.43900488286691924
0.31568530971891917,0.4387994762137308
0.31851656810204854,0.43859212154780597
0.3213478264851777,0.43838281610492014
0.32417908486830704,0.43817155708953653
0.3270103432514364,0.43795834167460684
0.3298416016345658,0.43774316700136884
0.33267286001769514,0.4375260301791413
0.3355041184008243,0.43730692828511575
0.33833537678395365,0.4370858583641455
0.341166635167083,0.4368628174285312
0.3439978935502124,0.4366378024578043
0.34682915193334174,0.4364108103985061
0.3496604103164709,0.43618183816396466
0.35249166869960025,0.4359508826340682
0.3553229270827296,0.4357179406550357
0.358154185465859,0.43548300903918313
0.36098544384898834,0.43524608456468755
0.3638167022321175,0.4350071639753478
0.36664796061524685,0.4347662439803404
0.3694792189983762,0.4345233212539744
0.3723104773815056,0.4342783924354403
0.37514173576463494,0.43403145412855726
0.3779729941477641,0.43378250290151577
0.38080425253089345,0.4335315352866167
0.3836355109140228,0.4332785477800077
0.3864667692971522,0.4330235368414144
0.38929802768028154,0.432766498893869
0.3921292860634107,0.43250743032343425
0.39496054444654005,0.4322463274789244
0.3977918028296694,0.4319831866716211
0.4006230612127988,0.43171800417498657
0.40345431959592815,0.43145077622437145
0.4062855779790573,0.43118149901671987
0.40911683636218665,0.430910168710269
0.411948094745316,0.43063678142424533
0.4147793531284454,0.4303613332385567
0.41761061151157475,0.4300838201934789
0.4204418698947039,0.42980423828933945
0.42327312827783325,0.42952258348619554
0.4261043866609626,0.42923885170350823
0.428935645044092,0.4289530388198115
0.43176690342722135,0.4286651406723774
0.4345981618103505,0.4283751530568754
0.43742942019347986,0.4280830717270278
0.4402606785766092,0.42778889239426005
0.4430919369597386,0.4274926107273456
0.44592319534286795,0.42719422235204674
0.4487544537259971,0.4268937228507488
0.45158571210912646,0.4265911077620909
0.4544169704922558,0.4262863725805901
0.4572482288753852,0.42597951275626095
0.46007948725851455,0.42567052369422903
0.4629107456416437,0.4253594007543396
0.46574200402477306,0.42504613925075996
0.4685732624079024,0.42473073445157694
0.4714045207910318,0.42441318157838764
0.47423577917416115,0.4240934758058851
0.4770670375572903,0.42377161226143756
0.47989829594041966,0.42344758602466187
0.482729554323549,0.42312139212699074
0.4855608127066784,0.4227930255512333
0.48839207108980776,0.42246248123113
0.4912233294729369,0.4221297540509007
0.49405458785606626,0.42179483884478586
0.4968858462391956,0.4214577303965818
0.499717104622325,0.4211184234391682
0.5025483630054541,0.4207769126540303
0.5053796213885835,0.42043319267077156
0.5082108797717129,0.4200872580666221
0.5110421381548422,0.41973910336593767
0.5138733965379716,0.4193887230396924
0.5167046549211007,0.4190361115049636
0.5195359133042301,0.4186812631244091
0.5223671716873595,0.41832417220573687
0.5251984300704888,0.4179648330011668
0.5280296884536182,0.4176032397068843
0.5308609468367473,0.4172393864624859
0.5336922052198767,0.41687326735041635
0.5365234636030061,0.4165048763953979
0.5393547219861354,0.4161342075638503
0.5421859803692648,0.4157612547633022
0.5450172387523939,0.4153860118417944
0.5478484971355233,0.4150084725872727
0.5506797555186527,0.41462863072697326
0.553511013901782,0.4142464799267972
0.5563422722849114,0.4138620137906764
0.5591735306680405,0.4134752258599292
0.5620047890511699,0.41308610961260717
0.5648360474342993,0.41269465846283043
0.5676673058174286,0.4123008657601141
0.570498564200558,0.41190472478868323
0.5733298225836871,0.4115062287667782
0.5761610809668165,0.4111053708459489
0.5789923393499459,0.41070214411033723
0.5818235977330752,0.41029654157594986
0.5846548561162046,0.40988855618991865
0.587486114499334,0.4094781808297494
0.5903173728824631,0.4090654083025596
0.5931486312655923,0.4086502313443033
0.5959798896487218,0.4082326426189841
0.598811148031851,0.4078126347178565
0.6016424064149806,0.4073902001586125
0.6044736647981097,0.4069653313845577
0.6073049231812389,0.40653802076377227
0.6101361815643684,0.40610826058825944
0.6129674399474976,0.40567604307308064
0.6157986983306272,0.4052413603554753
0.6186299567137563,0.4048042044939681
0.6214612150968855,0.4043645674674605
0.624292473480015,0.40392244117430826
0.6271237318631442,0.40347781743138306
0.6299549902462738,0.4030306879731199
0.6327862486294029,0.4025810444505482
0.6356175070125321,0.4021288784303063
0.6384487653956616,0.4016741813936412
0.6412800237787908,0.40121694473539055
0.6441112821619204,0.400757159762948
0.6469425405450495,0.4002948176952114
0.6497737989281787,0.3998299096615135
0.6526050573113082,0.399362426700534
0.6554363156944374,0.3988923597591947
0.658267574077567,0.39841969969153385
0.6610988324606961,0.397944437257564
0.6639300908438253,0.39746656312210776
0.6667613492269548,0.3969860678536156
0.669592607610084,0.396502941922963
0.6724238659932136,0.39601717570222567
0.6752551243763427,0.39552875946343574
0.6780863827594719,0.3950376833773144
0.6809176411426014,0.3945439375119836
0.6837488995257306,0.39404751183165554
0.6865801579088602,0.39354839619529813
0.6894114162919893,0.39304658035527795
0.6922426746751185,0.39254205395597863
0.695073933058248,0.39203480653239564
0.6979051914413772,0.39152482750870515
0.7007364498245068,0.3910121061968077
0.7035677082076359,0.39049663179484645
0.7063989665907651,0.3899783933856979
0.7092302249738947,0.3894573799354356
0.7120614833570238,0.38893358029176694
0.7148927417401534,0.3884069831824401
0.7177240001232825,0.38787757721362326
0.7205552585064117,0.3873453508682532
0.7233865168895413,0.3868102925043541
0.7262177752726704,0.3862723903533254
0.7290490336558,0.38573163251819703
0.7318802920389291,0.38518800697185407
0.7347115504220583,0.38464150155522564
0.7375428088051879,0.38409210397544247
0.740374067188317,0.38353980180395825
0.7432053255714466,0.38298458247463557
0.7460365839545757,0.3824264332817964
0.7488678423377049,0.38186534137823447
0.7516991007208345,0.3813012937731902
0.7545303591039636,0.3807342773302869
0.7573616174870932,0.38016427876542647
0.7601928758702223,0.379591284644645
0.7630241342533515,0.37901528138192636
0.7658553926364811,0.3784362552369734
0.7686866510196102,0.37785419231293504
0.7715179094027398,0.3772690785540888
0.7743491677858689,0.37668089974347774
0.7771804261689981,0.37608964150049995
0.7800116845521277,0.37549528927845033
0.7828429429352568,0.3748978283620133
0.7856742013183864,0.37429724386470437
0.7885054597015155,0.3736935207262609
0.7913367180846447,0.3730866437099788
0.7941679764677743,0.3724765973999962
0.7969992348509034,0.3718633661985207
0.799830493234033,0.37124693432299904
0.8026617516171621,0.37062728580323007
0.8054930100002913,0.370004404478416
0.8083242683834209,0.36937827399415235
0.81115552676655,0.36874887779935683
0.8139867851496796,0.36811619914313026
0.8168180435328087,0.36748022107155437
0.8196493019159379,0.36684092642441923
0.8224805602990675,0.366198297831882
0.8253118186821966,0.36555231771105395
0.8281430770653262,0.3649029682625133
0.8309743354484553,0.36425023146674346
0.8338055938315845,0.3635940890804931
0.8366368522147141,0.36293452263305676
0.8394681105978432,0.3622715134224744
0.8422993689809728,0.36160504251164577
0.8451306273641019,0.3609350907243604
0.8479618857472311,0.3602616386412371
0.8507931441303607,0.3595846665955742
0.8536244025134898,0.3589041546691055
0.8564556608966194,0.35822008268766004
0.8592869192797485,0.35753243021672426
0.8621181776628777,0.35684117655690123
0.8649494360460073,0.3561463007392666
0.8677806944291364,0.3554477815206177
0.870611952812266,0.3547455973786105
0.8734432111953951,0.3540397265067859
0.8762744695785243,0.3533301468094764
0.8791057279616539,0.35261683589659526
0.881936986344783,0.3518997710783011
0.8847682447279126,0.35117892935953443
0.8875995031110417,0.3504542874344257
0.8904307614941709,0.3497258216805662
0.8932620198773005,0.3489935081531419
0.8960932782604296,0.34825732257892456
0.8989245366435592,0.34751724035011405
0.9017557950266883,0.34677323651803177
0.9045870534098175,0.34602528578665553
0.9074183117929471,0.34527336250599505
0.9102495701760762,0.3445174406653021
0.9130808285592058,0.3437574938861078
0.915912086942335,0.34299349541508656
0.9187433453254641,0.3422254181167355
0.9215746037085937,0.34145323446586906
0.9244058620917228,0.3406769165399193
0.9272371204748524,0.33989643601103603
0.9300683788579815,0.3391117641379838
0.9328996372411107,0.33832287175782355
0.9357308956242403,0.3375297292773775
0.9385621540073694,0.3367323066644672
0.941393412390499,0.3359305734389171
0.9442246707736281,0.33512449866331856
0.9470559291567573,0.3343140509335428
0.9498871875398869,0.3334991983689978
0.952718445923016,0.3326799086026188
0.9555497043061452,0.3318561487705833
0.9583809626892748,0.33102788550174134
0.9612122210724039,0.33019508490675403
0.9640434794555335,0.3293577125669245
0.9668747378386626,0.32851573352271773
0.9697059962217918,0.3276691122619519
0.9725372546049214,0.3268178127076549
0.9753685129880505,0.325961798205572
0.9781997713711801,0.3251010315113104
0.9810310297543092,0.32423547477711345
0.9838622881374384,0.32336508953824344
0.986693546520568,0.3224898366989664
0.9895248049036971,0.3216096765181202
0.9923560632868267,0.3207245685942498
0.9951873216699558,0.31983447185029856
0.998018580053085,0.3189393445178333
1.0008498384362146,0.3180391441207901
1.0036810968193437,0.3171338274587217
1.0065123552024733,0.31622335058952505
1.0093436135856024,0.31530766881163413
1.0121748719687316,0.314386736645652
1.0150061303518612,0.3134605078154053
1.0178373887349903,0.3125289352283961
1.0206686471181199,0.3115919709556267
1.023499905501249,0.31064956621077594
1.0263311638843782,0.30970167132869714
1.0291624222675078,0.308748235743214
1.031993680650637,0.3077892079641848
1.0348249390337665,0.30682453555380307
1.0376561974168956,0.30585416510210844
1.0404874558000248,0.3048780422016688
1.0433187141831544,0.3038961114214052
1.0461499725662835,0.3029083162795201
1.048981230949413,0.30191459921549046
1.0518124893325422,0.3009149015610904
1.0546437477156714,0.29990916351039554
1.057475006098801,0.2988973240887302
1.06030626448193,0.29787932112050974
1.0631375228650597,0.29685509119592657
1.0659687812481888,0.29582456963643516
1.068800039631318,0.29478769045897457
1.0716312980144476,0.2937443863388782
1.0744625563975767,0.29269458857140856
1.0772938147807063,0.2916382270318519
1.0801250731638354,0.29057523013411146
1.0829563315469646,0.2895055247877243
1.0857875899300942,0.28842903635323075
1.0886188483132233,0.28734568859581827
1.091450106696353,0.2862554036371549
1.094281365079482,0.2851581019053291
1.0971126234626112,0.28405370208279895
1.0999438818457408,0.28294212105225836
1.10277514022887,0.2818232738403133
1.1056063986119995,0.2806970735588588
1.1084376569951286,0.2795634313440451
1.1112689153782578,0.27842225629270334
1.1141001737613874,0.27727345539610676
1.1169314321445165,0.27611693347092614
1.119762690527646,0.2749525930872315
1.1225939489107752,0.2737803344933884
1.1254252072939044,0.27260005553767686
1.128256465677034,0.2714116515864623
1.1310877240601631,0.27021501543872783
1.1339189824432927,0.2690100372367665
1.1367502408264218,0.2677966043728245
1.139581499209551,0.26657460139146344
1.1424127575926806,0.26534390988740253
1.1452440159758097,0.26410440839858085
1.1480752743589393,0.2628559722941608
1.1509065327420684,0.2615984736571812
1.1537377911251976,0.26033178116153843
1.1565690495083272,0.25905575994296126
1.1594003078914563,0.25777027146361403
1.162231566274586,0.2564751733699369
1.165062824657715,0.2551703193433107
1.1678940830408442,0.2538555589430908
1.1707253414239738,0.25253073744153365
1.173556599807103,0.25119569565009386
1.1763878581902325,0.24985026973653274
1.1792191165733616,0.24849429103224047
1.1820503749564908,0.24712758582911665
1.1848816333396204,0.24574997516531477
1.1877128917227495,0.24436127459909085
1.190544150105879,0.24296129396993582
1.1933754084890082,0.2415498371461113
1.1962066668721374,0.2401267017576225
1.199037925255267,0.23869167891359197
1.2018691836383961,0.23724455290290317
1.2047004420215257,0.23578510087688195
1.2075317004046549,0.2343130925126857
1.210362958787784,0.232828289655938
1.2131942171709136,0.23133044594102642
1.2160254755540427,0.22981930638732892
1.2188567339371723,0.22829460696947185
1.2216879923203015,0.22675607415955212
1.2245192507034306,0.22520342443904567
1.2273505090865602,0.22363636377791382
1.2301817674696893,0.22205458707816847
1.233013025852819,0.2204577775788785
1.235844284235948,0.21884560621930393
1.2386755426190772,0.21721773095648741
1.2415068010022068,0.21557379603325885
1.244338059385336,0.2139134311921701
1.2471693177684655,0.21223625083038786
1.2500005761515947,0.21054185309003381
1.2528318345347238,0.20882981887782542
1.2556630929178534,0.2070997108071839
1.2584943513009825,0.20535107205516867
1.2613256096841121,0.20358342512569333
1.2641568680672413,0.2017962705094535
1.2669881264503704,0.199989085229805
1.2698193848335,0.19816132126249492
1.2726506432166291,0.19631240381559
1.2754819015997587,0.19444172945416488
1.2783131599828879,0.1925486640522652
1.281144418366017,0.1906325405522663
1.2839756767491466,0.18869265650900316
1.2868069351322757,0.18672827139282333
1.2896381935154053,0.18473860362196348
1.2924694518985345,0.18272282729026512
1.2953007102816636,0.1806800685510638
1.2981319686647932,0.17860940161200917
1.3009632270479223,0.17650984428834815
1.3037944854310515,0.1743803530536275
1.306625743814181,0.17221981751654614
1.3094570021973102,0.17002705424040962
1.3122882605804398,0.16780079980686546
1.315119518963569,0.16553970300773874
1.317950777346698,0.16324231602703662
1.3207820357298277,0.16090708444865084
1.3236132941129568,0.15853233589263002
1.3264445524960864,0.15611626704253442
1.3292758108792155,0.1536569287761935
1.3321070692623447,0.1511522090492972
1.3349383276454743,0.1485998131019904
1.3377695860286034,0.14599724045790924
1.340600844411733,0.14334175805611044
1.3434321027948621,0.1406303686897765
1.3462633611779913,0.13785977370844035
1.3490946195611209,0.1350263286547335
1.35192587794425,0.13212599012656026
1.3547571363273796,0.12915425164424704
1.3575883947105087,0.12610606560574775
1.3604196530936379,0.12297574745148226
1.3632509114767675,0.1197568568135209
1.3660821698598966,0.11644204850642069
1.3689134282430262,0.1130228834387219
1.3717446866261553,0.10948958541865178
1.3745759450092845,0.1058307236269673
1.377407203392414,0.10203279093301632
1.3802384617755432,0.09807963296050703
1.3830697201586728,0.09395165773773619
1.385900978541802,0.0896247130850847
1.388732236924931,0.0850684431114895
1.3915634953080607,0.08024379381083305
1.3943947536911898,0.07509905785569036
1.3972260120743194,0.0695632528737909
1.4000572704574485,0.06353423820167901
1.4028885288405777,0.05685532790571451
1.4057197872237073,0.049262894886301416
1.4085510456068364,0.04024317243713898
1.411382303989966,0.028470487472918936
1.4142135623730951,0
