-2.0,0.0
-1.97979797979798,0.17688450855351281
-1.9595959595959596,0.2444505602131116
-1.9393939393939394,0.29249936929127984
-1.9191919191919191,0.32990022067249747
-1.898989898989899,0.3601835703259162
-1.878787878787879,0.3852092182773092
-1.8585858585858586,0.40611206614353024
-1.8383838383838385,0.4236518560817566
-1.8181818181818181,0.4383708934305032
-1.797979797979798,0.45067500555999257
-1.7777777777777777,0.46087911151990507
-1.7575757575757576,0.4692347155760899
-1.7373737373737375,0.47594742079990304
-1.7171717171717171,0.4811885843107435
-1.696969696969697,0.48510335848317426
-1.6767676767676767,0.48781640904775986
-1.6565656565656566,0.4894360872540218
-1.6363636363636362,0.49005754235473487
-1.6161616161616161,0.48976508887924425
-1.595959595959596,0.4886340379812523
-1.5757575757575757,0.48673213568986023
-1.5555555555555556,0.4841207077278266
-1.5353535353535352,0.4808555818302517
-1.5151515151515151,0.47698783895148156
-1.4949494949494948,0.47256443118811237
-1.4747474747474747,0.46762869467052515
-1.4545454545454546,0.4622207788040263
-1.4343434343434343,0.45637800823695235
-1.4141414141414141,0.4501351902401388
-1.393939393939394,0.4435248774227339
-1.3737373737373737,0.43657759362386434
-1.3535353535353534,0.42932202922681906
-1.3333333333333333,0.42178521091388266
-1.3131313131313131,0.4139926499237357
-1.2929292929292928,0.40596847212272
-1.2727272727272727,0.3977355326073467
-1.2525252525252526,0.38931551708196316
-1.2323232323232323,0.3807290318754297
-1.212121212121212,0.3719956841535206
-1.1919191919191918,0.36313415363404306
-1.1717171717171717,0.3541622569074162
-1.1515151515151514,0.345097005297468
-1.1313131313131313,0.33595465705832456
-1.1111111111111112,0.3267507645878609
-1.0909090909090908,0.31750021724184124
-1.0707070707070705,0.3082172802520757
-1.0505050505050504,0.298915630183866
-1.0303030303030303,0.28960838731046407
-1.01010101010101,0.28030814523339853
-0.9898989898989898,0.2710269980358859
-0.9696969696969695,0.26177656522092274
-0.9494949494949494,0.25256801465509476
-0.9292929292929293,0.24341208371281747
-0.909090909090909,0.23431909879299048
-0.8888888888888888,0.22529899336035517
-0.8686868686868685,0.21636132464672692
-0.8484848484848484,0.20751528913236766
-0.8282828282828283,0.19876973691472727
-0.808080808080808,0.19013318506037516
-0.7878787878787878,0.1816138300259155
-0.7676767676767675,0.17321955922485321
-0.7474747474747474,0.16495796180959404
-0.7272727272727271,0.15683633873086725
-0.707070707070707,0.14886171213075944
-0.6868686868686869,0.14104083412011534
-0.6666666666666665,0.13338019498623788
-0.6464646464646464,0.12588603087250683
-0.6262626262626261,0.11856433096768318
-0.606060606060606,0.11142084423921966
-0.5858585858585856,0.10446108574179623
-0.5656565656565655,0.09769034252952034
-0.5454545454545454,0.09111367919771915
-0.5252525252525251,0.08473594307799076
-0.505050505050505,0.07856176910813244
-0.48484848484848464,0.07259558439670916
-0.46464646464646453,0.06684161250034569
-0.4444444444444444,0.06130387743029032
-0.4242424242424241,0.05598620740340903
-0.404040404040404,0.05089223835149257
-0.38383838383838365,0.04602541720159569
-0.36363636363636354,0.04138900493906283
-0.3434343434343432,0.03698607946391135
-0.3232323232323231,0.032819538250345046
-0.303030303030303,0.028892100818335546
-0.28282828282828265,0.025206311025442633
-0.26262626262626254,0.02176453918632929
-0.2424242424242422,0.018568984026764726
-0.2222222222222221,0.015621674478291936
-0.20202020202020177,0.012924471319156316
-0.18181818181818166,0.010479068666552297
-0.16161616161616155,0.00828699532473283
-0.14141414141414121,0.006349615993046609
-0.1212121212121211,0.004668132337510108
-0.10101010101010077,0.003243583929086722
-0.08080808080808066,0.0020768490514304016
-0.06060606060606055,0.001168645380450546
-0.04040404040404022,0.0005195305376706039
-0.02020202020202011,0.00012990251897816414
-0.0,0.0
0.0,0.0
0.020202020202020204,0.00012990251897816536
0.04040404040404041,0.0005195305376706088
0.06060606060606061,0.001168645380450548
0.08080808080808081,0.002076849051430409
0.10101010101010102,0.0032435839290867385
0.12121212121212122,0.004668132337510116
0.14141414141414144,0.00634961599304663
0.16161616161616163,0.008286995324732836
0.18181818181818182,0.010479068666552318
0.20202020202020204,0.012924471319156354
0.22222222222222224,0.015621674478291953
0.24242424242424243,0.018568984026764757
0.26262626262626265,0.02176453918632931
0.2828282828282829,0.025206311025442678
0.30303030303030304,0.028892100818335556
0.32323232323232326,0.03281953825034507
0.3434343434343435,0.036986079463911414
0.36363636363636365,0.041389004939062855
0.38383838383838387,0.04602541720159574
0.4040404040404041,0.050892238351492605
0.42424242424242425,0.05598620740340908
0.4444444444444445,0.06130387743029033
0.4646464646464647,0.06684161250034573
0.48484848484848486,0.07259558439670924
0.5050505050505051,0.07856176910813248
0.5252525252525253,0.08473594307799083
0.5454545454545455,0.09111367919771919
0.5656565656565657,0.09769034252952043
0.5858585858585859,0.1044610857417963
0.6060606060606061,0.11142084423921972
0.6262626262626263,0.11856433096768325
0.6464646464646465,0.12588603087250688
0.6666666666666667,0.133380194986238
0.686868686868687,0.1410408341201154
0.7070707070707072,0.14886171213075952
0.7272727272727273,0.15683633873086733
0.7474747474747475,0.16495796180959407
0.7676767676767677,0.17321955922485333
0.787878787878788,0.1816138300259155
0.8080808080808082,0.19013318506037521
0.8282828282828284,0.19876973691472727
0.8484848484848485,0.20751528913236775
0.8686868686868687,0.21636132464672703
0.888888888888889,0.22529899336035525
0.9090909090909092,0.2343190987929906
0.9292929292929294,0.24341208371281753
0.9494949494949496,0.2525680146550949
0.9696969696969697,0.2617765652209228
0.98989898989899,0.271026998035886
1.0101010101010102,0.28030814523339864
1.0303030303030305,0.2896083873104642
1.0505050505050506,0.29891563018386613
1.0707070707070707,0.3082172802520758
1.090909090909091,0.3175002172418414
1.1111111111111112,0.3267507645878609
1.1313131313131315,0.3359546570583247
1.1515151515151516,0.3450970052974681
1.1717171717171717,0.3541622569074162
1.191919191919192,0.36313415363404317
1.2121212121212122,0.37199568415352063
1.2323232323232325,0.3807290318754298
1.2525252525252526,0.38931551708196316
1.272727272727273,0.39773553260734673
1.292929292929293,0.40596847212272014
1.3131313131313131,0.4139926499237357
1.3333333333333335,0.4217852109138828
1.3535353535353536,0.42932202922681917
1.373737373737374,0.43657759362386445
1.393939393939394,0.4435248774227339
1.4141414141414144,0.4501351902401388
1.4343434343434345,0.4563780082369524
1.4545454545454546,0.4622207788040263
1.474747474747475,0.4676286946705252
1.494949494949495,0.47256443118811237
1.5151515151515154,0.47698783895148156
1.5353535353535355,0.4808555818302517
1.5555555555555556,0.4841207077278266
1.575757575757576,0.4867321356898602
1.595959595959596,0.4886340379812523
1.6161616161616164,0.4897650888792442
1.6363636363636365,0.49005754235473475
1.6565656565656568,0.48943608725402177
1.676767676767677,0.4878164090477599
1.696969696969697,0.48510335848317426
1.7171717171717173,0.4811885843107435
1.7373737373737375,0.47594742079990304
1.7575757575757578,0.46923471557608987
1.777777777777778,0.460879111519905
1.7979797979797982,0.4506750055599925
1.8181818181818183,0.43837089343050295
1.8383838383838385,0.4236518560817566
1.8585858585858588,0.40611206614353
1.878787878787879,0.3852092182773092
1.8989898989898992,0.36018357032591586
1.9191919191919193,0.32990022067249714
1.9393939393939394,0.29249936929127984
1.9595959595959598,0.244450560213111
1.97979797979798,0.17688450855351281
2.0,0.0
